<?xml version="1.0" encoding="UTF-8"?>
<data>
  <seats>
    <seat><name>Jane</name><xPos>262</xPos><yPos>661</yPos></seat>
    <seat><name>Kaven</name><xPos>286</xPos><yPos>636</yPos></seat>
    <seat><name>Jisoo</name><xPos>372</xPos><yPos>689</yPos></seat>
    <seat><name>Aiden</name><xPos>397</xPos><yPos>636</yPos></seat>
    <seat><name>Sunhee</name><xPos>533</xPos><yPos>689</yPos></seat>
    <seat><name>Joo Yeon</name><xPos>937</xPos><yPos>636</yPos></seat>
    <seat><name>Chelsea</name><xPos>748</xPos><yPos>636</yPos></seat>
    <seat><name>Arielle</name><xPos>775</xPos><yPos>636</yPos></seat>
    <seat><name>Fred</name><xPos>775</xPos><yPos>797</yPos></seat>
    <seat><name>Julianne</name><xPos>775</xPos><yPos>689</yPos></seat>
    <seat><name>Tejas</name><xPos>610</xPos><yPos>636</yPos></seat>
    <seat><name>Jeffrey</name><xPos>665</xPos><yPos>636</yPos></seat>
  </seats>
  <projects>
    <project>
        <title>metlife</title>
        <design>
          <employees>
            <person>
              <name>Jane</name>
              <total_fee>150</total_fee>
              <total_budget>600</total_budget>
            </person>
            <person>
              <name>Kaven</name>
              <total_fee>700</total_fee>
              <total_budget>600</total_budget>
            </person>
            <person>
              <name>Jisoo</name>
              <total_fee>39840</total_fee>
              <total_budget>45000</total_budget>
            </person>
            <person>
              <name>Aiden</name>
              <total_fee>4200</total_fee>
              <total_budget>5000</total_budget>
            </person>
            <person>
              <name>Sunhee</name>
              <total_fee>15180</total_fee>
              <total_budget>17000</total_budget>
            </person>
            <person>
              <name>Joo Yeon</name>
              <total_fee>7315.5</total_fee>
              <total_budget>8000</total_budget>
            </person>
          </employees>
        </design>
        <production>
          <employees>
            <person>
              <name>Chelsea</name>
              <total_fee>175</total_fee>
              <total_budget>100</total_budget>
            </person>
            <person>
              <name>Arielle</name>
              <total_fee>11790</total_fee>
              <total_budget>12000</total_budget>
            </person>
            <person>
              <name>Fred</name>
              <total_fee>44520</total_fee>
              <total_budget>30000</total_budget>
            </person>
          </employees>
        </production>
        <research>
          <employees>
            <person>
              <name>Julianne</name>
              <total_fee>262.5</total_fee>
              <total_budget>600</total_budget>
            </person>
          </employees>
        </research>
    </project>
    <project>
        <title>citibank</title>
        <design>
          <employees>
            <person>
              <name>Jane</name>
              <total_fee>150</total_fee>
              <total_budget>600</total_budget>
            </person>
            <person>
              <name>Kaven</name>
              <total_fee>700</total_fee>
              <total_budget>600</total_budget>
            </person>
            <person>
              <name>Jisoo</name>
              <total_fee>50000</total_fee>
              <total_budget>45000</total_budget>
            </person>
            <person>
              <name>Joo Yeon</name>
              <total_fee>5000</total_fee>
              <total_budget>8000</total_budget>
            </person>
          </employees>
        </design>
        <production>
          <employees>
            <person>
              <name>Fred</name>
              <total_fee>20000</total_fee>
              <total_budget>30000</total_budget>
            </person>
          </employees>
        </production>
        <tech>
          <employees>
            <person>
              <name>Tejas</name>
              <total_fee>41000</total_fee>
              <total_budget>40000</total_budget>
            </person>
            <person>
              <name>Jeffrey</name>
              <total_fee>20000</total_fee>
              <total_budget>25000</total_budget>
            </person>
          </employees>
        </tech>
    </project>
  </projects>
</data>


